molecule,energy,frequency
water,-76.01072065685031,1826.576272811792
benzene,-230.70281673029632,453.4671463241185
