atom,frequency
O,1826.6104702111816
H,4070.654572391602
H,4188.943447538419
