atom,frequency
O,1826.576272811792
H,4070.6693600383965
H,4188.958221782173
