molecule,frequencies
water,"[1826.576272811792, 4070.6693600383965, 4188.958221782173]"
hydrogen,[4643.6037477638]
carbon dioxide,"[745.50238237757, 1518.4052758099947, 2585.1842703212474]"
