molecule,frequencies
water,"[1826.576272811792, 4070.6693600383965, 4188.958221782173]"
hydrogen,[4643.6037477638]
carbon dioxide,"[745.5023861373575, 745.5023933576969, 1518.4209319124523, 2585.1880475188327]"
