molecule,frequencies
water,"[1826.576272811792, 4070.6693600383965, 4188.958221782173]"
hydrogen,[4643.6037477638]
carbon dioxide,"[745.50238237757, 1518.4052758099947, 2585.1842703212474]"
ethene,"[897.1519344538834, 1094.7014708577394, 1099.0110054911079, 1154.9356487949722, 1352.6082584123653, 1497.1667600152737, 1610.4207107820444, 1856.5906680737567, 3320.7070717343827, 3344.1103830392512, 3394.417106948525, 3420.4867006695013]"
